Bekaert Orlando,Rue de la Chapelle 87,7370,ELOUGES,32479228133,,04/12/1966,,
Harmegnies Noémie,Rue de la Chaumière 16,7370,DOUR,32493539482,n.harmegnies@hotmail.com,04/04/1950,,
Urbain Benoit,Rue de la Chaumière 5,7370,DOUR,32471498629,celia-urbain@hotmail.fr,01/07/1964,,
Glineur Nancy,Rue de la Drève 31,7370,DOUR,32472765878,glineurnancy@msn.com,01/01/1964,,
Meunier Muriel,Rue de la Drève 37,7370,DOUR,32485916459,,05/12/1965,,
Francois - Allongue Sylvie,Rue de la Drève 5,7370,DOUR,32478913139,allongue_eric@hotmail.com,,,
Hassani Ahmed-Amine,Rue de la Drève 5,7370,DOUR,32478430376,glagla0409@gmail.com,04/04/1950,,
Becquet Pascal,Rue de la Fauvette 72,7370,DOUR,32478674131,caille@live.be,01/01/1964,INJ ,
Puma Aurélie,Rue de la Fontaine 12,7370,ELOUGES,32472332905,,04/12/1970,REP ,
Delcroix Jeremie,Rue de la Fontaine 23B,7370,ELOUGES,32470214291,ruth281286@gmail.com,04/12/1966,NE PUS APPEL ,
Petiau Franck,Rue de la Fontaine 63,7370,ELOUGES,32478821990,petiau_franck88@hotmail.com,03/02/1971,,
Luc Annie,Rue de la Fontaine 66,7370,ELOUGES,32479760223,annieluc1@live.be,05/12/1954,REP ,
Benjamin Monnet,Rue de la Fontaine 80,7370,ELOUGES,32479384726,benjamin_monnet@live.fr,07/04/1989,REP ,
Lethien Christophe,Rue de la Fontaine 9,7370,ELOUGES,32479286937,,04/12/1970,RP ,
Michael Johnson Erica,Rue de la Frontière 130,7370,BLAUGIES,32486884655,michael.f.johnson@gdit.com,07/11/1970,rep ,
De Luca Stefano,Rue de la Frontière 291,7370,BLAUGIES,32485870470,stef-reb@hotmail.com,07/11/1970,rep ,
Depret Audrey,Rue de la Frontière 340,7370,BLAUGIES,32478399498,audreytimeo@hotmail.com,07/04/1989,REP ,
Nicaise Aurélie,Rue de la Frontière 35,7370,BLAUGIES,32472219000,maiko2009@hotmail.be,,pas inter ,
LecomteTHIERRY ,Rue de la Frontière 427,7370,BLAUGIES,32470767901,tictaczen@hotmail.com,07/04/1989,RACCROCHE ,
Van Hullebusch Sébastien,Rue de la Frontière 56,7370,BLAUGIES,32483501509,filio2008@live.be,01/01/1964,rep ,
Delferriere Yannick,Rue de la Gayolle 30,7370,DOUR,32479407434,yannick.d@live.be,03/02/1971,rep ,
Rivez Corinne,Rue de la Gayolle 40,7370,DOUR,32472486792,corinnerivez28@outlook.be,04/12/1970,FRANCE ,
Despiegeleer Pamela,Rue de la Gayolle 41,7370,DOUR,32484932852,pameladour@hotmail.com,07/04/1989,REP ,
Saussez Arlette,Rue de la Gayolle 5,7370,DOUR,32479638194,,07/04/1989,REP ,
Dupont Catherine,Rue de la Gayolle 75,7370,DOUR,32484898581,,22/08/1952,rep ,
Martinez Juan Carlos,Rue de la Gayolle 75,7370,DOUR,32479486164,gayolevicente@hotmail.com,04/12/1966,NE PLUS APPELLER ,
Debieve Lindsay,Rue de la Grande Veine 125,7370,ELOUGES,32472819399,lindsaydebieve@yahoo.fr,04/04/1950,rep ,
Taccogna Victoria,Rue De La Grande Veine 31,7370,ELOUGES,32472236628,mehmetbks@hotmail.com,03/02/1971,REP ,
Bristot David,Rue de la Grande Veine 47,7370,ELOUGES,32471784828,davidaliasbookie@live.be,22/08/1952,,
Honorez Joffrey,Rue de la Grande Veine 7,7370,ELOUGES,32471225999,,03/02/1971,INJ ,
Alifierakis Meni,Rue de la Grande Veine 80,7370,ELOUGES,32479730268,alifierakis.meni@gmail.com,01/01/1964,rep ,
Mathieu Marie-Laurence,Rue de la Grande Veine 90,7370,ELOUGES,32472570794,heliotrope-1708@hotmail.com,04/04/1950,rep ,
Despiegeleer-Pierart Cindy-Thomas,Rue de la Grande Veine 91,7370,ELOUGES,32479583177,,03/02/1971,INJ ,
Berlemont Patricia,Rue de la Grande Veine 98,7370,ELOUGES,32485789962,,05/12/1954,rep ,
Robette Lisiane,Rue de la Perche 11,7370,ELOUGES,32472783119,,05/12/1954,REP ,
Godet Marie Christine,Rue de la Perche 28,7370,ELOUGES,32479696534,,01/07/1964,REP ,
Draguet Sabrina,Rue de la Perche 37,7370,ELOUGES,32479976526,sabrina.draguet@hotmail.fr,03/02/1971,rep ,
Carralcasas Acebes Mario,Rue de la Perche 4,7370,ELOUGES,32485523174,m.carralcasas@gmail.com,03/02/1971,REP ,
Zraouli Bouchra,Rue de la Perche 4,7370,ELOUGES,32485609821,bouchra08@hotmail.fr,04/12/1966,REP ,
Ostrowski Didier,Rue de la Perche 41,7370,ELOUGES,32472785177,dimoga@live.be,01/07/1964,INJ ,
Sohier Annie Louisette,Rue de la Tannerie 9,7370,DOUR,32472688592,sohierannie@hotmail.com,01/01/1964,REP ,
Lecomte Renée,Rue de la Toureille 71,7370,DOUR,32479823018,,03/02/1971,REP ,
Dugauquier Renelde,Avenue du Haut-Pays 135,7387,ATHIS,32483537416,chris.rere@hotmail.com,05/12/1965,INJ ,
Sirjacq Michael,Avenue du Haut-Pays 44,7387,ATHIS,32471833710,msirjacq@live.be,22/08/1952,locat ,
Greco Marino,Avenue du Haut-Pays 61,7387,ATHIS,C,marino.greco@hotmail.com,07/04/1989,,
LION PIERRE,chemin de Marchipont 1,7387,MARCHIPONT,32472214335,lion.pierre@hotmail.com,05/12/1965,PAS INTER ,
Baudour Kenny,Place d'Angreau 18,7387,ANGREAU,32471264838,baudour_kenny@hotmail.com,03/02/1971,REP ,
Lolivier Dany,Place d'Angreau 26,7387,HONNELLES,32471016371,paszul@outlook.fr,22/08/1952,LOC ,
Druart Jérémy,Place d'Angreau 8,7387,ANGREAU,32486643410,vfr800rc46@hotmail.com,01/07/1964,REP ,
Baudour Brice,Place du Centenaire 1,7387,ANGRE,32471057107,liverottisabrina@gmail.com,07/04/1989,rep ,
Hubeaux Bernadette,Place Masson 16,7387,MONTIGNIES-SUR-ROC,32471361124,bern.hub@gmail.com,03/02/1971,RACCROCHE ,
Lecocq Stéphanie,Place Masson 18,7387,MONTIGNIES-SUR-ROC,32470980643,stephanielecocq@live.be,04/04/1950,PAS INTER ,
Hassine Skender,Rue Bourdon 12,7387,ROISIN,32465782312,,07/11/1970,rep ,
Tack Delphine,Rue Charles Bernier 3,7387,HONNELLES,32485356511,delphine.tack@hotmail.be,04/12/1966,REP ,
Carlier Jerome,Rue Charles Bernier 41,7387,ANGRE,32472388300,jerome.carlier@ymail.com,05/12/1965,REP ,
Moens Sebastien,Rue Charles Bernier 71,7387,ANGRE,32471833296,poppesebastien1853@hotmail.com,01/07/1964,REP ,
Brion Daisy,Rue Comtesse de Belleville 18,7387,MONTIGNIES-SUR-ROC,32478499660,,01/07/1964,,
Di Giosia Pasquale,Rue Comtesse de Belleville 2,7387,MONTIGNIES-SUR-ROC,32472421844,j.denghien@skynet.be,04/12/1966,,
Cochez Sandra,Rue Croquet 7,7387,ATHIS,32479132144,sandra.cochez@icloud.com,07/04/1989,,
Arnaud-Constance Depire-Mathieu,Rue Curé Montenez 6,7387,FAYT-LE-FRANC,32478398306,,05/12/1954,,
Pepin Thierry,Rue d'Angre 1,7387,ONNEZIES,32479795959,,07/04/1989,,
Dame Valerie,Rue de Bargette 1,7387,ANGREAU,32472432577,,05/12/1965,,
De Cock Sarah,Rue de la Brasserie 38,7387,ANGREAU,32472372163,,07/04/1989,REP ,
Berlemont David,Rue de la Brasserie 5,7387,ANGREAU,32470664021,lilidav@hotmail.com,04/12/1966,,
Briceag Tatiana,Rue de la Brasserie 5,7387,ANGREAU,32485224386,ltconstruct7387@gmail.com,05/12/1954,REP ,
Barbieux Sylvie,Rue de la Chasse 8,7387,ANGRE,32471471981,,03/02/1971,REP ,
Stiévenart Hedwige,Rue de la Courbette 12,7387,ATHIS,32478584361,,01/01/1964,REP ,
Applaincourt Ingrid,Rue de Meaurain 45,7387,ROISIN,c,ingrid.applaincourt@hotmail.com,03/02/1971,,
Delattre - Legat Olivier - Isabelle,Rue de Meaurain 45,7387,ROISIN,32479350041,,05/12/1954,rep ,
Guilmot Nicolas,Rue de Meaurain 49,7387,ROISIN,32479241012,guilmotnicolascase@gmail.com,05/12/1954,RACCROCHE ,
Glineur Julie,Rue d'En Haut 25,7387,ROISIN,32472675358,,04/04/1950,,
Lhoir Isabelle,Rue d'Erquennes 11,7387,ERQUENNES,32471321005,,22/08/1952,,
Monjet Ludovic,Rue d'Erquennes 13,7387,ERQUENNES,32471693462,,04/12/1966,,
Debray Aline,Rue des Jonquilles 49A,7387,ONNEZIES,32479395177,aline.debray@gmail.com,07/04/1989,,
Namur Maggy,Rue Des Leuses 3,7387,ERQUENNES,32484428720,namurmaggy@gmail.com,05/12/1954,,
Jellouli Mohammed,Avenue du Travail 08,7390,QUAREGNON,32485004624,jellouli2013@outlook.be,03/02/1971,,
Lambert Jocelyne,Avenue du Travail 103,7390,QUAREGNON,32487311213,,04/12/1970,,
Glineur Christine,Avenue du Travail 104,7390,QUAREGNON,32478424436,heraut_roger@hotmail.com,07/04/1989,,
Van der Eeken Willem Albert,Avenue du Travail 12,7390,QUAREGNON,32470071259,,07/04/1989,,
Bertoglia Melvyn,Avenue du Travail 23,7390,QUAREGNON,32470259397,loredanajtm@hotmail.com,07/04/1989,locat ,
Rinaldi Line,Avenue du Travail 8,7390,QUAREGNON,32479842340,,03/02/1971,REP ,
Bauduin Didier,Avenue du Travail 83,7390,QUAREGNON,32479075091,isa-7390@hotmail.com,07/11/1970,,
Cornu Jordan,Avenue du Travail 96,7390,QUAREGNON,32472078806,christellllle@hotmail.com,03/02/1971,REP ,
Ozturk Mustafa,Avenue du Travail 98,7390,QUAREGNON,32484527170,,01/07/1964,,
Bettens Aurelie,Avenue du Travail 99,7390,QUAREGNON,32471394664,,03/02/1971,locataire ,
Lebout Sylvie,Chasse des Bonniers 46,7390,QUAREGNON,32471196730,leboutsylvie@gmail.com,01/07/1964,,
Gosset Sarah,Chasse des Prés 31,7390,WASMUEL,32485986076,sarah.gosset@hotmail.com,01/01/1964,REP ,
Joly Claudine,Chemin du Bon Dieu 14,7390,QUAREGNON,32479672340,,05/12/1965,LOC ,
TOURNAY Ludovic,Chemin du Bon Dieu 154,7390,QUAREGNON,32479486657,ludoviclemagnifik@hotmail.com,01/01/1964,,
Servais Anthony,Chemin du Bon Dieu 211,7390,QUAREGNON,32472821495,anthony.servais@hotmail.com,07/04/1989,INJ ,
Dilmac Cemal,Chemin du Bon Dieu 245,7390,QUAREGNON,32484988706,cemaldilmac68@hotmail.com,04/04/1950,LOCATAIRE ,
Alacali Hasan,Chemin du Bon Dieu 95,7390,QUAREGNON,32485155517,hasan-alacali@hotmail.com,01/07/1964,IL INSULTE ,
Joly Samuel,Cité Cosmopolite 127,7390,QUAREGNON,32479075037,,07/04/1989,REP ,
Fourmois Eddy,Cité Cosmopolite 157,7390,QUAREGNON,32485653367,,01/01/1964,REP ,
Sanchez Palermo Melinda,Cité Cosmopolite 163,7390,QUAREGNON,32479928850,,04/12/1966,REP ,
Ammar Foued,Cité Cosmopolite 2,7390,QUAREGNON,32487335254,,03/02/1971,REP ,
Mengoli Anna,Cité Cosmopolite 2,7390,QUAREGNON,32470990517,,07/11/1970,LOCATIRE ,
Ruchard Jennifer,Cité Cosmopolite 2,7390,QUAREGNON,32479221498,,04/04/1950,REP ,
Gochon Stephane,Cité Cosmopolite 61,7390,QUAREGNON,32484500313,stephane859@hotmail.com,07/11/1970,REP ,
Ghaliounjian Hambik,Cité des Cascades 10,7390,QUAREGNON,32465359557,hripsimehghalyoundjian@gmail.com,07/04/1989,,
Cordaro Leonarda,Cité des Cascades 16,7390,QUAREGNON,32486933694,cascadecity@hotmail.com,,,
Brutto Giuseppina,Cité des Cascades 29,7390,QUAREGNON,32487552277,olivier.habran@skynet.be,,,
Mrgir Bernadette,Cité du Campiau 19,7390,QUAREGNON,32487543255,,04/12/1970,REP,
Hierro Carmen,Cité du Campiau 20,7390,QUAREGNON,32479537918,carmenhierro70@gmail.com,04/12/1966,,
Oulare Mamoudouba,Cité du Campiau 4,7390,QUAREGNON,32466418260,yakuzaoulare@yahoo.fr,22/08/1952,INJ ,
Cazin Charles,Cité du Champ Saint-Pierre 16,7390,QUAREGNON,32479331426,,07/04/1989,,
Peniaux Charline,Cité du Champ Saint-Pierre 55,7390,QUAREGNON,32471135869,chat-001@live.fr,05/12/1965,,
Martorana Rosa,Cité du Champ Saint-Pierre 78,7390,QUAREGNON,32478904856,rosamartorana@gmail.com,22/08/1952,,
Bouidia El Ouazzani Mina,Cité Evrard Doyen 46,7390,WASMUEL,32487190832,bouidiamina44@gmail.com,04/12/1970,REP ,
Moniaux Antonio,Cité Evrard Doyen 57,7390,WASMUEL,32470777116,moniaux1968@gmail.com,04/04/1950,NE PLS APPELLER ,
Herrat Farid,Cité Evrard Doyen 87,7390,WASMUEL,32478983655,farid.herrat@hotmail.com,03/02/1971,,
Chiarenza Jonathan,Cité Oscar Doublet 04,7390,QUAREGNON,32471103383,jonathan.chiarenza@hotmail.com,01/01/1964,,
Maksym Jonathann,Cité Oscar Doublet 114,7390,QUAREGNON,32471596536,maksym.jonathann@hotmail.com,01/01/1964,RACCROCHE ,
Cailleau Valerie,Cité Oscar Doublet 122,7390,QUAREGNON,32470350191,,03/02/1971,INJ ,
Feim Mehmed Myurfe,Cité Oscar Doublet 146,7390,QUAREGNON,32484464976,,04/04/1950,,
Akrachi Youssri,Cité Oscar Doublet 34,7390,QUAREGNON,32483061553,ninie7390@hotmail.com,04/04/1950,,
Egrise Amory,Cité Oscar Doublet 8,7390,QUAREGNON,32478674169,,07/04/1989,INJ ,
Mathieu Mireille,Cité Reine Astrid 113,7390,QUAREGNON,32471846062,,07/04/1989,,
Belal Bachir,Cité Reine Astrid 117,7390,QUAREGNON,32485254201,,04/12/1966,,
Vanwynsberghe Harold,Cité Reine Astrid 28,7390,QUAREGNON,32470465769,ethan.tiffany@live.be,05/12/1954,,
Ximenes Ezio,Cité Reine Astrid 32,7390,QUAREGNON,32486488410,ximenes52@hotmail.com,07/11/1970,,
Rorive Katty,Cité Reine Astrid 42,7390,QUAREGNON,32472573075,,04/12/1970,,
Denael Fabienne,Cité Reine Astrid 87,7390,QUAREGNON,32471295652,fabienne.denoel@outlook.com,05/12/1965,REP ,
Duez Anne,Clos d'Ay-Champagne 3,7390,QUAREGNON,32472563227,aoun.fahmi@gmail.com,04/12/1970,,
Baslarli Metin,Clos d'Ay-Champagne 8,7390,QUAREGNON,32484515520,metinbaslarli@hotmail.com,01/01/1964,,
Salsac Maryline,Clos de la Majolique 24,7390,WASMUEL,32478386308,salsacmaryline@hotmail.com,07/04/1989,,
mahieu melissa,Cour à Procès 3,7390,QUAREGNON,32472851868,melissa-meli@hotmail.com,01/01/1964,,
Giavaiella Magalie,Cour à Procès 6,7390,QUAREGNON,32472753808,,07/04/1989,,
Depeche Laurence,Cour à Procès 7,7390,QUAREGNON,32471415550,,04/12/1970,REP ,
Grigaut Cynthia,de la liberte 3,7390,QUAREGNON,32472784036,cynthianazza@hotmail.fr,01/01/1964,,
Monjet Bridoux Georges,Domaine de la Roseraie 11,7390,QUAREGNON,32479840282,,03/02/1971,,
Hayez Michèle,Domaine des Maraîchers 11,7390,WASMUEL,32472693276,,05/12/1954,INJ ,
Geoffroy Nancy,Domaine des Maraîchers 19,7390,WASMUEL,32472090871,geoffroynancy@hotmail.be,04/04/1950,,
Le Guelte Jennifer,Domaine des Maraîchers 2,7390,WASMUEL,32472833284,jenethantevatao@gmail.com,22/08/1952,,
Delgeye Marie,emile vandervelde 183,7390,QUAREGNON,32471834432,rima2912@hotmail.com,04/12/1966,,
Guilbau Helene,Grande Cour 2,7390,QUAREGNON,32484051734,guilbau_hlme@hotmail.com,05/12/1954,,
Gg Re,Grand-Place 5,7390,QUAREGNON,32465767687,g@hotmail.com,05/12/1954,,
Caufriez Cecile,Hanotte 25,7390,WASMUEL,32479412123,cecile.maty@hotmail.com,05/12/1965,,
Macors Emiiel,Hector Denis 177,7390,QUAREGNON,32471067333,mac.mimil@hotmail.com,03/02/1971,EN ESPAGNE ,
Hallot Jonathan,Impasse Vallée 11,7390,QUAREGNON,32468455128,arend.boy.1987@gmail.com,05/12/1954,REP ,
davidt cindy,jules destree 70,7390,QUAREGNON,32483470689,sisi_19821@hotmail.com,01/01/1964,REP ,
Dereume Jerome,Place de la Charte 12,7390,QUAREGNON,32485005576,,07/04/1989,,
Lebrun Thérèse,Place de la Charte 2,7390,QUAREGNON,32479813539,,04/12/1966,,
Asanovic Slavica,Place de Wasmuël 48,7390,WASMUEL,32472569991,,04/04/1950,,
Verzele Ambre,Place de Wasmuël 64,7390,WASMUEL,32471057079,aurelie.grigaut@hotmail.fr,07/04/1989,,
Manouvrier Jennifer,Place de Wasmuël 82,7390,WASMUEL,32470259544,,07/04/1989,,
Dieu Ornella,Place de Wasmuël 84,7390,WASMUEL,32472833718,naromi33@gmail.com,04/04/1950,,
Ndjoa Flore,Place du Rivage 28,7390,QUAREGNON,32465526638,ndjoa2@gmail.com,04/12/1970,,
Visine Raphael,Place du Rivage 9,7390,QUAREGNON,32479747276,virphvi@hotmail.com,05/12/1965,NE PLUS APPELLER LISTE ROUGE ,
Boutoille Carmen,Place Nicolas Jenart 18,7390,QUAREGNON,32479745549,,04/12/1970,INJ ,
Godart Ingrid,Place Nicolas Jenart 28,7390,QUAREGNON,32472792180,,03/02/1971,,
Flament Yvan,Résidence Georges Plumat 06,7390,QUAREGNON,32472347181,,05/12/1965,,
Tondeur François,Résidence Georges Plumat 46,7390,QUAREGNON,32471249909,fb892961@skynet.be,,,INJ 
Choto Chou,Route de Mons 20,7390,WASMUEL,32479675876,chou.choto@hotmail.com,01/01/1964,INJ ,